url,actual_label,predicted_label
https://martie.com/?srsltid=AfmBOoqTEC0QXQ3xYEvV1VWP6OX6EZboYFZDuiiilhyLfDJNbuXIZ97r,Low,Medium
https://comfax.com/reviews/free-fax/,Medium,Medium
https://www.shopify.com/blog/ecommerce-seo-beginners-guide,Medium,Medium
https://americasstealsanddeals.com/,Medium,Medium
https://jakevdp.github.io/PythonDataScienceHandbook/,Low,Low
https://www.bbc.com/news/topics/c404v061z99t,Low,Low
https://mailchimp.com/marketing-glossary/content-marketing/,Medium,Medium
https://support.microsoft.com/en-us/windows/how-to-use-remote-desktop-5fe128d5-8fb1-7a23-3b8a-41e636865e8c,Medium,Medium
https://en.wikipedia.org/wiki/Remote_desktop_software,Low,Low
https://support.apple.com/guide/remote-desktop/welcome/mac,Medium,Medium
https://www.cisecurity.org/insights/blog/11-cyber-defense-tips-to-stay-secure-at-work-and-home,Medium,Medium
https://www.geeksforgeeks.org/data-science/data-science-with-python-tutorial/,Medium,Medium
https://www.akkio.com/beginners-guide-to-machine-learning,Medium,Medium
https://www.fortinet.com/resources/cyberglossary/sd-wan-explained,Medium,Medium
https://digitdefence.com/blog/fundamentals-of-network-security-in-computer-networks,Medium,Medium
https://en.wikipedia.org/wiki/Digital_marketing,Low,Low
https://www.fortinet.com/resources/cyberglossary/what-is-network-security,Medium,Medium
https://www.zscaler.com/resources/security-terms-glossary/what-is-zero-trust-network-access,Medium,Medium
https://digitalmarketinginstitute.com/blog/what-are-the-most-effective-digital-marketing-strategies,Low,Low
https://www.cloudflare.com/learning/access-management/what-is-ztna/,Low,Low
https://www.dealnews.com/,Medium,Medium
https://en.wikipedia.org/wiki/Search_engine_optimization,Low,Low
https://en.wikipedia.org/wiki/Content_marketing,Low,Low
https://simple.wikipedia.org/wiki/Machine_learning,Low,Low
https://www.cisa.gov/topics/cybersecurity-best-practices,Medium,Medium
